business,node_count,active_days_sum,business_name,node_share
10000182,12920,339005,\\N,0.4852946700221613
10000168,12839,193248,,0.48225218795778085
10000193,12567,317044,\\N,0.47203545806257746
10000238,12464,121529,\\N,0.46816662284490856
10000181,12039,140166,\\N,0.45220298238365325
10000234,11524,127368,\\N,0.43285880629530854
10000251,9723,208645,\\N,0.36521053224655375
10000274,9132,58392,,0.34301168162866696
10000208,9011,115001,\\N,0.33846673928558013
10000256,8976,98847,\\N,0.337152086541712
10000216,8671,28344,\\N,0.3256958269165759
10000246,8345,21960,\\N,0.31345077564511886
10000288,8297,68944,,0.3116478233106712
10000293,8218,29216,,0.3086804642602261
10000227,8199,93741,\\N,0.3079667956278406
10000209,8109,72575,\\N,0.30458626000075123
10000190,7888,31776,\\N,0.29628516696089846
10000218,7817,41893,\\N,0.29361829996619465
10000196,7696,44263,,0.2890733576231078
10000211,7125,21919,,0.2676257371445742
10000240,7078,22791,\\N,0.26586034631709426
10000303,6991,75178,,0.2625924952109079
10000272,6898,33500,,0.2590992750629155
10000287,6839,22193,,0.2568831461518236
10000243,6798,20034,\\N,0.2553431243661496
10000217,6559,17928,,0.24636592420087894
10000253,5973,14878,\\N,0.22435488111783045
10000252,5652,13237,\\N,0.21229763738121174
10000241,5036,5044,,0.18915974908913347
10000298,3636,8981,,0.1365736393344101
10000225,3466,19984,\\N,0.130188183149908
10000207,3301,5871,,0.12399053450024415
10000204,3173,18992,\\N,0.11918266160838373
10000302,3150,7294,,0.11831874694812756
10000228,3074,15136,\\N,0.11546407241858543
10000297,2495,4300,,0.09371595988431056
10000313,2047,4268,,0.07688840476279908
10000273,1870,42430,,0.07024001802952334
10000255,1860,1860,,0.06986440295984675
10000202,1727,2199,\\N,0.06486872253314803
10000262,1469,3006,,0.05517785373549187
10000258,1313,1313,,0.04931825864853698
10000320,986,2507,,0.03703564587011231
10000038,971,26271,字节mini盒子,0.03647222326559742
10000149,964,23472,百度小度mini盒子,0.0362092927168238
10000271,938,1067,,0.035232693535664654
10000050,900,24201,字节直播mini盒子,0.03380535627089359
10000084,774,20995,B站mini-qn盒子,0.029072606392968485
10000129,765,18103,爱奇艺mini盒子,0.02873455283025955
10000097,501,6949,专项upB-out-mini,0.01881831499079743
10000019,451,13057,B站盒子,0.016940239642414454
10000099,427,7059,快手miniV2,0.016038763475190624
10000270,427,2005,,0.016038763475190624
10000083,333,5283,B站web-mini-qn盒子,0.012507981820230628
1380389889,319,8900,爱奇艺盒子,0.011982120722683395
10000006,305,8134,字节小节点,0.01145625962513616
10000054,243,9099,字节小节点直播,0.00912744619314127
10000236,236,797,\\N,0.008864515644367653
10000278,192,6020,,0.007211809337790632
10000159,182,2794,专项upB-out-单向,0.0068361942681140365
10000292,181,5265,,0.0067986327611463775
10000139,180,4016,百度小度盒子,0.006761071254178718
1382490022,165,3569,快手盒子,0.0061976486496638245
10000064,156,3677,百度小度,0.005859595086954889
10000079,141,3353,字节架构汇聚V2,0.005296172482439995
10000282,141,2135,,0.005296172482439995
10000184,132,611,\\N,0.00495811891973106
10000069,124,3921,腾讯汇聚P2P,0.004657626863989783
10000160,121,254,专项upB-out-mini-单向,0.004544942343086804
10000295,112,2729,,0.004206888780377869
10000001,108,2561,百度拨测,0.00405664275250723
10000279,103,3099,,0.003868835217668933
10000281,103,3088,,0.003868835217668933
10000041,90,4345,B站Web盒子,0.003380535627089359
10000280,77,628,七牛CDN-ZJ月95,0.0028922360365097846
10000180,65,1122,钛雾mini盒子,0.0024414979528978704
1380460970,64,671,七牛CDN,0.002403936445930211
1380317970,59,1377,快手点播,0.0022161289110919132
10000123,57,1272,金山云ern_HQ,0.002141005897156594
10000222,48,48,,0.001802952334447658
4200000001,40,356,,0.0015024602787063817
10000066,39,555,金山云mini盒子,0.0014648987717387223
10000074,39,312,腾讯直连独立,0.0014648987717387223
10000304,37,645,快手严选,0.0013897757578034031
10000244,36,753,B站专线-盒子V2,0.0013522142508357435
10000235,36,36,,0.0013522142508357435
10000047,34,883,优酷盒子,0.0012770912369004244
10000127,33,323,七牛Pcdn盒子,0.001239529729932765
10000060,30,466,金山云盒子,0.0011268452090297863
10000087,30,233,专项upB-out,0.0011268452090297863
10000096,27,913,字节架构专线V3,0.0010141606881268075
10000307,26,172,爱奇艺盒子严选,0.000976599181159148
10000088,25,876,字节CDN汇聚V2,0.0009390376741914885
10000122,25,331,金山云汇聚ern,0.0009390376741914885
10000037,21,400,天翼云专线,0.0007887916463208504
10000183,20,275,B站专线-盒子,0.0007512301393531909
10000294,19,332,优酷汇聚晚高峰,0.0007136686323855313
10000224,19,161,字节CDN专线V4,0.0007136686323855313
1382680008,18,590,字节CDN专线,0.0006761071254178717
1381526443,14,371,爱奇艺,0.0005258610975472336
10000175,13,605,百度网盘专线,0.000488299590579574
10000034,13,494,优酷专线,0.000488299590579574
10000000,13,225,腾讯汇聚直连,0.000488299590579574
10000003,13,98,百度XCDN,0.000488299590579574
10000048,12,207,优酷汇聚,0.0004507380836119145
1382649737,11,124,腾讯专线,0.000413176576644255
10000058,8,95,优酷mini盒子,0.00030049205574127636
10000124,7,76,Miku盒子,0.0002629305487736168
10000276,5,92,33792斯锐德江苏泰州电信-叠加in,0.0001878075348382977
10000178,5,68,专项upB-out-micro-单向,0.0001878075348382977
10000078,5,52,七牛特招,0.0001878075348382977
10000005,5,35,快手直播,0.0001878075348382977
10000014,4,281,百度XCDN专线,0.00015024602787063818
10000275,4,120,,0.00015024602787063818
10000065,3,112,B站专线-mp,0.00011268452090297862
10000020,3,107,B站专线,0.00011268452090297862
10000300,3,87,B站-晚高峰21点,0.00011268452090297862
10000210,3,36,字节CDN汇聚V3,0.00011268452090297862
10000299,3,30,,0.00011268452090297862
10000010,3,20,字节拨测,0.00011268452090297862
10000095,3,11,百度网盘盒子,0.00011268452090297862
10000277,2,128,,7.512301393531909e-05
10000291,2,109,,7.512301393531909e-05
10000286,2,66,,7.512301393531909e-05
10000111,2,57,专项upB-out-mini-电信,7.512301393531909e-05
10000215,2,55,多虚机业务A,7.512301393531909e-05
10000138,2,30,七牛买断,7.512301393531909e-05
10000197,2,25,,7.512301393531909e-05
10000284,2,25,,7.512301393531909e-05
10000177,2,18,,7.512301393531909e-05
1382522065,1,119,字节架构汇聚,3.7561506967659545e-05
10000109,1,48,专项upB-out-电信,3.7561506967659545e-05
10000191,1,37,腾讯专线-80,3.7561506967659545e-05
10000312,1,3,,3.7561506967659545e-05
10000012,1,1,钛雾,3.7561506967659545e-05
