business,cost_sum,cost_count,cost_mean,cost_std,cost_weighted_sum,cost_weight_sum,revenue_sum,revenue_count,revenue_mean,revenue_std,revenue_weighted_sum,revenue_weight_sum,profit_sum,profit_count,profit_mean,profit_std,profit_weighted_sum,profit_weight_sum
10000000,3640.672060618865,41,88.79687952728939,86.28949691963614,2690.7323941951204,31.254548298819678,4554.880233645798,37.0,123.10487117961617,112.99940283822727,3204.785019235107,29.685028403575743,945.6455730269331,37.0,25.55798846018738,39.506391660982985,581.3653017947248,29.685028403575743
10000001,17.764302261130727,1063,0.016711479079144616,0.006736007141021773,13.748750017642978,827.7117258637716,,,,,,,,,,,,
10000003,4838.330315603668,111,43.588561401834845,29.347614965715017,3415.7817317974773,79.27362854974966,6093.083835932471,111.0,54.892647170562796,42.84764897742559,4278.941724758673,78.79954556546609,1254.7535203288026,111.0,11.304085768727951,17.80853212120576,872.2437843069753,78.79954556546609
10000005,854.5961566553865,23,37.15635463719072,58.29486736853064,770.9010291848068,18.32748827408781,782.2900300860389,23.0,34.01261000374082,48.17079841202737,701.7818706059732,18.22918038389042,-72.30612656934758,23.0,-3.143744633449895,22.389827935490125,-68.64572916895638,18.22918038389042
10000006,0.015,1,0.015,,0.005669467095138408,0.3779644730092272,,,,,,,,,,,,
10000010,0.01,1,0.01,,0.01,1.0,,,,,,,,,,,,
10000015,39.46708448275862,2,19.73354224137931,6.06781861496989,39.46708448275862,2.0,274.4086948275862,2.0,137.2043474137931,12.128501547197892,274.4086948275862,2.0,234.94161034482758,2.0,117.47080517241379,6.060682932227998,234.94161034482758,2.0
10000019,14013.959869084127,622,22.53048210463686,33.09202427923291,10434.553320071911,513.9646443165018,21969.81549765017,617.0,35.607480547245004,59.03721089627481,15790.6821533019,508.67535616665066,7957.625628566042,617.0,12.897286269961171,27.896482081848323,5378.94950324392,508.67535616665066
10000034,6316.756422173129,32,197.39863819291028,140.68691848991213,5329.064671677667,26.76463585110613,9991.278696266683,32.0,312.22745925833385,179.66473974536615,8394.589808272265,26.339605843800634,3674.522274093554,32.0,114.82882106542357,77.96483474730093,3099.30514358996,26.339605843800634
10000037,890.9400337438424,2,445.4700168719212,1.6283420413183884,760.1276459384942,1.7071067811865475,1113.810407635468,2.0,556.905203817734,7.839505656466043,949.0730351327256,1.7071067811865475,222.8703738916256,2.0,111.4351869458128,6.211163615147655,188.94538919423144,1.7071067811865475
10000041,460.42623945705435,49,9.396453866470496,13.760261695370351,381.6760992011665,42.45680625490656,733.7998881614986,49.0,14.975507921663237,21.556726229421642,613.0060351579707,42.345778981623354,273.37364870444435,49.0,5.579054055192742,8.882142408557272,231.59967913978883,42.345778981623354
10000047,33.619527011494256,8,4.202440876436782,1.7795418713826814,15.422889882794353,3.066477501360822,50.3017724137931,7.0,7.185967487684729,3.5123036366329585,23.096755106213422,2.799216259448398,21.412245402298854,7.0,3.058892200328408,3.5873224619325232,8.938010897664837,2.799216259448398
10000048,2410.537953955501,35,68.87251297015717,84.87091293469138,2252.936403362007,29.012980433418576,3221.4103244606817,34.0,94.7473624841377,111.94812833452096,2991.7211052027465,28.577976594368568,810.9343705051808,34.0,23.8510108972112,30.005146384672123,742.3875459883452,28.577976594368568
10000054,16.681458989796923,19,0.8779715257787855,1.1054625697357208,15.523437198747729,14.9034977726961,30.81508821647029,18.0,1.7119493453594605,2.041348718635181,28.351599269158903,14.061342568783072,14.163629226673367,18.0,0.7868682903707426,1.043060982979872,12.951789386991925,14.061342568783072
10000064,45237.506032687976,1325,34.14151398693432,37.83014050667995,38713.38049677262,1054.1246732550471,51455.935001704594,1278.0,40.26285993873599,44.88521618430102,44109.3330462542,1025.1216396885106,7226.923421397576,1278.0,5.654869656805615,14.25548512190664,6031.268594032121,1025.1216396885106
10000069,23162.83141701514,242,95.71417940915347,91.61827902018777,18164.830477872587,200.7400262047454,28554.759148443976,240.0,118.97816311851656,111.17830690131133,22942.945969494933,199.88692655861502,5425.957731428838,240.0,22.608157214286827,35.89272179584504,4667.500903289728,199.37725309735274
10000074,33604.90893066388,345,97.40553313235907,122.19719414579976,30190.99583950309,278.1580556589567,36520.72931157414,336.0,108.69264676063733,129.8795796129796,32298.3836867896,270.50056885218305,2953.532280910264,336.0,8.790274645566262,21.909343864113453,2331.1682230784136,270.50056885218305
10000079,106889.20671918015,1575,67.86616299630485,57.45289635905099,99069.86828636081,1386.215036604775,124855.00525673981,1544.0,80.86464071032371,68.07016829732312,115080.52817480481,1371.4531338415723,18473.473537559657,1544.0,11.964684933652627,19.50973829371223,16438.003318552335,1371.4531338415723
10000088,5857.63622473049,107,54.74426378252794,42.99319232762182,3779.781053333767,64.36206913110337,6259.697414455211,94.0,66.59252568569374,52.2555383981243,4031.125861421106,59.07841961643635,1141.1611897247215,94.0,12.140012656645974,34.22539282269901,538.4370323899792,59.07841961643635
10000096,2014.474652586207,4,503.61866314655174,101.23445323021288,1915.1666499338382,3.7559289460184546,2478.5488310344826,4.0,619.6372077586207,137.92779364456342,2210.036856538903,3.597614304667197,464.0741784482759,4.0,116.01854461206898,112.37702889998366,359.2855093078927,3.597614304667197
10000109,44.641718208356146,6,7.440286368059358,6.17730387427524,36.30786008590337,5.414213562373095,,,,,,,,,,,,
10000122,4205.620982804999,116,36.25535330004309,35.770451148574146,3832.3297408518124,91.30462121673958,6675.242498733265,114.0,58.55475876081812,57.89495817947777,6119.679349786079,89.84450081739776,2472.971515928266,114.0,21.692732595861983,27.753434089156706,2304.2849297035873,89.84450081739776
10000123,10469.880281597752,353,29.659717511608363,33.11497053854176,8964.09689325742,274.4989636389496,14945.41431366423,350.0,42.701183753326376,46.67454367496806,12549.175557072133,271.12697674495433,4497.984032066478,350.0,12.851382948761366,18.657750388985406,3652.9272966517497,271.12697674495433
10000139,80.14044368299044,17,4.714143746058261,8.429866165180453,75.37584391330158,12.969758686664159,82.79194381899958,15.0,5.519462921266639,6.797239625295227,71.65032518580193,11.571297169331656,2.7715001360091494,15.0,0.1847666757339433,7.4125390813486955,-3.2319982253680775,11.571297169331656
10000143,1.03,1,1.03,,0.27527907916979716,0.2672612419124244,0.65,1.0,0.65,,0.17371980724307587,0.2672612419124244,-0.38,1.0,-0.38,,-0.10155927192672128,0.2672612419124244
10000150,576.8633422129594,3,192.28778073765315,88.34746504021079,576.8633422129594,3.0,800.3156443633951,3.0,266.771881454465,118.08127985177387,800.3156443633951,3.0,223.45230215043574,3.0,74.48410071681191,38.68158301885583,223.45230215043574,3.0
10000168,1.3695069703243612,6,0.22825116172072688,0.07762257688449954,1.3133650319706542,5.64693798046579,0.2927527544351072,6.0,0.04879212573918453,0.03260576000065462,0.23422043888762323,4.677843858638855,-1.0767542158892538,6.0,-0.1794590359815423,0.07340313042798016,-0.8880225620273666,4.677843858638855
10000177,516.2420089285715,2,258.12100446428576,3.621807246690943,516.2420089285715,2.0,734.8168482142858,2.0,367.4084241071429,5.056615294066111,734.8168482142858,2.0,218.57483928571423,2.0,109.28741964285712,1.4348080473751637,218.57483928571423,2.0
10000181,2.4553095238095235,6,0.4092182539682539,0.27006198600498815,2.442433181558874,5.5976143046671964,0.6150504273504274,5.0,0.12301008547008548,0.10666179380580136,0.582396746251358,4.579752720889016,-1.8082590964590963,5.0,-0.3616518192918193,0.17416933842838142,-1.6708651232407448,4.579752720889016
10000182,43.44980714608508,9,4.827756349565009,5.130507110671921,38.14762420515077,8.337246489922823,13.827577020354292,9.0,1.5363974467060324,2.7895763812612624,11.883316402599883,8.089706539861503,-29.622230125730784,9.0,-3.291358902858976,3.3147354124756006,-25.732039339211987,8.089706539861503
10000183,11206.317260831936,98,114.35017613093812,90.65590018100278,9206.938514951591,78.29743032954573,25200.48578996794,96.0,262.50506031216605,148.0008516342257,19866.127724812643,76.70899804083655,14016.241779136002,96.0,146.0025185326667,110.62484896677627,10756.032802432102,76.70899804083655
10000193,50.478572797671674,9,5.608730310852408,5.80859788215109,44.36205839200059,8.337246489922823,14.451647017248398,9.0,1.6057385574720442,2.83639934247797,12.491107067040549,8.190116434893527,-36.026925780423284,9.0,-4.002991753380365,4.28760422230727,-31.815368859726753,8.190116434893527
10000196,13.847758168498169,9,1.5386397964997967,1.4667520872083017,12.29208129100331,8.337246489922823,4.776403095238095,8.0,0.5970503869047619,0.9037642620554016,4.136560740629448,7.4462374554754875,-8.983577295482295,8.0,-1.1229471619352869,0.7895690072706485,-7.85206205173931,7.4462374554754875
10000197,531.4358571428571,9,59.048428571428566,68.50944890249494,527.5512452767998,8.377964473009227,695.2765788177339,9.0,77.25295320197044,87.6249730764958,690.3376167334272,8.377964473009227,163.84072167487682,9.0,18.20452463054187,19.185001443062497,162.78637145662745,8.377964473009227
10000208,5.609761904761905,11,0.509978354978355,0.2549163128992494,4.215718761445207,7.671529683129965,2.8799867724867725,11.0,0.26181697931697934,0.1698472837486183,2.039194662411635,7.257117054075648,-2.729775132275132,11.0,-0.2481613756613756,0.26805611957638725,-1.9692336663660304,7.257117054075648
10000209,9.190202150675834,11,0.8354729227887122,0.794999139158365,6.888363994826086,7.7906945246941985,3.3991040635777474,11.0,0.3090094603252498,0.22123493113653853,2.508749183537352,7.633335193258487,-5.791098087098088,11.0,-0.5264634624634625,0.7532115776529108,-4.217984297999768,7.633335193258487
10000211,2.148364809081527,6,0.3580608015135878,0.25741712424512975,1.9095002646545447,5.309307341415954,0.6088558982683981,5.0,0.12177117965367963,0.14193471926846307,0.42170356465315206,4.233153104453237,-1.4961755774797956,5.0,-0.2992351154959591,0.16900990265825436,-1.2540521683378496,4.233153104453237
10000224,76.695,1,76.695,,28.987985257442677,0.3779644730092272,209.635,1.0,209.635,,79.23458229928934,0.3779644730092272,132.94,1.0,132.94,,50.24659704184666,0.3779644730092272
10000227,5.350891304347826,11,0.4864446640316205,0.4956974139481068,2.776717212525149,6.367693318886629,3.265946859903382,11.0,0.29690425999121656,0.40104932134905075,1.6354273605463518,6.296080884948056,-2.084944444444444,11.0,-0.189540404040404,0.17826911978372026,-1.134665701839479,6.296080884948056
10000234,1.8120284313725499,6,0.30200473856209165,0.2529716818513323,1.4520854228477822,5.290451429843303,0.44155,6.0,0.07359166666666667,0.10849816370693928,0.29305732502700904,4.683461311335144,-1.3704784313725495,6.0,-0.22841307189542492,0.17346020657421696,-1.0872314286535867,4.683461311335144
10000238,12.429411144049194,9,1.3810456826721327,1.4111575339908082,10.779346699928006,8.29387596093158,3.582607157599883,9.0,0.39806746195554255,0.5113163621748898,3.075375847397562,7.713498697387912,-8.846803986449313,9.0,-0.9829782207165904,1.0555553951024383,-7.504703387367901,7.713498697387912
10000244,101155.66129531122,1330,76.05688819196332,69.98278579498525,94749.67378365067,1217.5074849678635,127948.24702996817,1318.0,97.07757741272243,85.57929551780119,119162.79290699855,1203.6260908130685,26976.02073465696,1318.0,20.467390542228344,24.473136483293178,24934.98753434009,1203.6260908130685
10000251,12.48583413820165,11,1.1350758307456046,0.713542768161849,10.489799925792184,8.785362348906745,6.140931598850837,11.0,0.5582665089864397,0.3658136024841375,5.117163639085278,8.736540184074837,-6.344902539350814,11.0,-0.5768093217591649,0.5834850319535121,-5.288662163196026,8.736540184074837
10000256,4.125129624893436,11,0.37501178408122143,0.1790765243769371,3.361653867231807,8.154568282615049,1.9975874436731214,11.0,0.18159885851573832,0.11913293596371421,1.6423259654200857,8.019864027834126,-2.127542181220314,11.0,-0.1934129255654831,0.12918898288013178,-1.6980446295563356,8.019864027834126
10000272,5.003511904761905,11,0.4548647186147186,0.2360958225439331,3.4638470708838374,7.6873785008957585,3.550240093240093,11.0,0.322749099385463,0.19155478833405273,2.203471791785626,7.188270031449197,-1.453271811521811,11.0,-0.13211561922925555,0.2015085198920547,-1.1061038867695192,7.188270031449197
10000277,6456.283836610563,48,134.50591326272007,37.22828790418384,6456.283836610563,48.0,6377.069348585034,48.0,132.85561142885487,32.434359487570084,6377.069348585034,48.0,-79.2144880255291,48.0,-1.6503018338651898,11.09687358909647,-79.2144880255291,48.0
10000278,20910.609188246737,1690,12.373141531506946,30.138383310292426,18092.75977000923,1561.2248311586827,28017.528160163412,1643.0,17.052664735339874,38.91567001943331,23967.749230970956,1525.0372535736894,7602.614013879821,1643.0,4.627275723603056,12.57925114399287,6280.6282832946345,1525.0372535736894
10000279,937.5107411546107,33,28.40941639862457,26.98456474065592,654.2124926479274,24.345155693384513,1349.9759221329186,32.0,42.18674756665371,34.90478722455554,909.4166897805936,24.077894451472087,412.96518097830784,32.0,12.90516190557212,12.901046107202362,255.33782775362243,24.077894451472087
10000280,3364.8377444684943,82,41.03460663985969,89.47120482954388,2152.508807241101,38.26278432102374,,,,,,,,,,,,
10000281,2773.402782644542,33,84.04250856498612,71.01418235046921,2204.8446511898223,24.345155693384513,3230.4208207175025,33.0,97.8915400217425,66.75451318332235,2438.8589993651653,24.18859768256889,457.01803807296017,33.0,13.849031456756368,23.89963866440127,240.66829805254017,24.18859768256889
10000282,4230.5292347240875,254,16.65562690836255,19.675366763313587,3019.638802932278,170.69921038502878,5764.058329920034,241.0,23.917254480995993,26.17090544350831,4022.5456604325122,162.9150123501624,1541.8440951959467,241.0,6.39769334106202,10.26460312818717,1038.0733192950777,162.9150123501624
10000286,645.5311756426906,46,14.033286427015014,7.57510739327911,578.3545179676993,40.949717201023674,719.4076422882673,46.0,15.639296571484072,10.138981538927307,625.009067081306,39.17274985103043,73.87646664557664,46.0,1.6060101444690573,4.026454028338321,67.13438781112721,39.17274985103043
10000287,1.0688901175213672,6,0.17814835292022788,0.12028359619370904,0.9457011463380711,5.044811943913116,0.2714658119658118,5.0,0.05429316239316236,0.037267726314433626,0.17323910551673066,3.7010849821616594,-0.7724243055555553,5.0,-0.15448486111111107,0.11119781377138338,-0.6404702322505972,3.7010849821616594
10000288,7.539116767219708,11,0.685374251565428,0.3487728191616713,5.3269735305978845,7.717852178020902,3.31205175967823,11.0,0.3010956145162027,0.15937068028849902,2.279347547899724,7.618384468837986,-4.227065007541478,11.0,-0.38427863704922527,0.28719527664627936,-2.9641223168356996,7.618384468837986
10000291,2213.9361941894967,48,46.12367071228118,39.4025307338687,2213.9361941894967,48.0,2879.6723642256184,48.0,59.993174254700385,47.48723915495193,2877.251325004933,47.963624111659435,665.7361700361216,48.0,13.869503542419201,10.713501915256597,665.6052268314716,47.963624111659435
10000292,69863.49187697911,1686,41.43742104209912,64.92139905331454,64472.52704551169,1557.1128257471466,83702.45769320754,1647.0,50.82116435531727,74.46325153441906,76628.65400112454,1532.4982396655869,15813.490182895091,1647.0,9.601390517847657,19.22207339975098,13516.345630493879,1532.4982396655869
10000293,7.063467794486215,9,0.7848297549429127,0.8876740775261481,5.2266506770833185,7.288355015172153,1.8518712121212104,9.0,0.20576346801346782,0.24760548280951855,1.3062042029654477,6.346457089993322,-5.211596582365004,9.0,-0.579066286929445,0.7295837772128659,-3.6045414608423476,6.346457089993322
10000294,8205.44382724903,139,59.03196998020885,59.368579822578006,6745.318457378058,111.38151384106551,7774.927459562929,138.0,56.34005405480383,57.91355094887381,6668.266251318489,110.74427451520657,-207.89636768610092,138.0,-1.5064954180152241,17.023515915669964,-9.554034961868515,110.74427451520657
10000295,1111.5618994746058,57,19.501085955694837,60.965577182059725,884.249794454237,41.93808983812261,1423.308674856303,55.0,25.87833954284187,74.19898907758848,1074.9710412825102,37.912015833378085,312.2767753816974,55.0,5.677759552394498,18.556770526141744,206.19557990940203,37.912015833378085
10000298,1.7343333333333333,9,0.1927037037037037,0.19118362642325226,0.8510132716007411,4.565909593149356,1.0153333333333332,7.0,0.14504761904761904,0.15600990336222234,0.461915560801332,3.6752763923499803,-0.6239999999999998,7.0,-0.08914285714285711,0.11482141643420736,-0.33536244808304216,3.6752763923499803
10000300,3526.854258455639,52,67.82412035491613,41.868821705611616,3342.637219227186,48.863952005838385,3320.33935549686,52.0,63.85267991340116,43.401929953969706,3219.6291081359827,48.567340449872994,-206.51490295877858,52.0,-3.9714404415149724,32.08195767870619,-113.33674434114381,48.567340449872994
10000303,10.39114171078862,11,0.9446492464353291,0.37174992941041957,9.281426016612246,9.491463925250919,,,,,,,,,,,,
10000304,33068.79107049765,403,82.05655352480807,88.17431806102934,25893.83956766749,298.8262156794049,39676.504414257746,393.0,100.95802649938358,116.9299720315195,31384.313013696636,290.5016288867512,7982.191273760094,393.0,20.310919271654182,47.26367778266689,6290.410108423798,290.5016288867512
10000312,1940.3628366174055,23,84.3636015920611,68.83409961338964,975.7417311094367,12.646960162407971,3253.528832512315,22.0,147.88767420510524,143.0140892756101,2154.565004481808,12.379698920495546,1333.9359958949099,22.0,60.63345435885954,104.97911346398686,1184.3742893668925,12.379698920495546
10000313,6.26082255799756,9,0.6956469508886178,0.9114053766296908,5.33154320194694,7.605591687435999,1.7372763347763343,8.0,0.21715954184704178,0.28854102945550736,1.4073621553775892,6.0938011982024,-4.461546223221226,8.0,-0.5576932779026532,0.72599898221432,-3.5846142363553537,6.0938011982024
10000316,2392.4559546682563,61,39.220589420791086,36.54851982851314,925.788911026783,26.047727604186424,2815.7807880391,59.0,47.72509810235763,29.119475509735416,1072.0256372926078,25.35448690100478,452.5048333708437,59.0,7.669573446963453,41.73077927046528,154.14749264068433,25.35448690100478
10000320,3.3446092530657747,9,0.37162325034064164,0.27938170142303265,2.1907322538572753,5.760743956436679,1.583299498746867,8.0,0.19791243734335837,0.09669159335704174,0.9902541484080424,5.260591863054625,-1.6413097543189075,8.0,-0.20516371928986343,0.24491797897982043,-1.0163720116322508,5.260591863054625
10000323,7.092844444444444,1,7.092844444444444,,5.686927244741586,0.8017837257372732,8.374622222222222,1.0,8.374622222222222,,6.714635806975495,0.8017837257372732,1.2817777777777772,1.0,1.2817777777777772,,1.0277085622339088,0.8017837257372732
1380317970,10014.773170806173,101,99.15617000798191,149.57295365199846,8630.625865934144,77.81816161559816,13781.549917244725,99.0,139.2075749216639,196.7710688347182,11381.460307802074,76.2940807662365,3825.8667464385517,99.0,38.64511865089446,79.24753879896667,2807.512228849882,76.2940807662365
1380389889,5393.418410857727,160,33.7088650678608,71.40567154081758,4787.603613375834,129.34584006220925,6985.675294412458,158.0,44.213134774762395,94.57766476164466,6262.0937537359105,125.89924940449671,1592.6668835547314,158.0,10.080170149080578,24.076491391435585,1475.8432712466442,125.89924940449671
1380460970,0.0684999999999999,2,0.03424999999999995,0.03429467888754748,0.02218131935895657,0.9219149126204015,,,,,,,,,,,,
1381526443,5571.490200234717,75,74.28653600312956,47.721336524571754,4240.780496125106,56.577735697660096,7146.18663722269,74.0,96.57008969219851,61.93494435628628,5371.359734163081,55.972861335155045,1575.4457369879724,74.0,21.289807256594223,17.266641134414083,1139.6214713302545,55.972861335155045
1382490022,2031.7448396849084,76,26.733484732696162,30.25074176475951,1470.0557345509915,59.3337120904845,4869.644954744989,76.0,64.0742757203288,79.23809906974492,3426.3695408246963,59.13806328251064,2837.900115060081,76.0,37.340790987632644,53.294751616871366,1958.8135621863792,59.13806328251064
1382522065,1341.1590133004925,19,70.5873164894996,58.08997944843555,1310.0798070309256,17.46474799274914,1948.7454958949097,19.0,102.56555241552157,69.19256339865909,1866.8395292215441,17.282432327713764,607.5864825944171,19.0,31.978235926021956,23.430456143129625,558.5636825039298,17.282432327713764
1382649737,2360.3399838533114,11,214.57636216848286,124.69079186069578,2108.063333107201,8.533792960398838,3031.056627148331,11.0,275.5506024680301,208.0860759811123,2843.2543705637354,8.462180526460264,670.7166432950195,11.0,60.974240299547226,118.57238375464289,751.607364393962,8.462180526460264
1382680008,10574.598817207698,27,391.65180804472953,216.50189567586872,10071.247777968381,24.290839265899727,13807.550295117398,26.0,531.0596267352846,264.63650491723973,13374.51936143513,23.95196559004873,3424.551477909701,26.0,131.71351838114236,59.066670021318735,3354.6796744881494,23.95196559004873
